INSERT INTO meal (id, title, description, location, "when", max_reservations, price, created_date) VALUES (1, 'Pizza', 'Classic Italian dish with tomato sauce, cheese, and toppings.', 'New York', '2025-08-10 19:00:00', 20, 12.99, '2025-07-07');
INSERT INTO meal (id, title, description, location, "when", max_reservations, price, created_date) VALUES (2, 'Sushi', 'Japanese rice rolls with seafood or veggies, served with soy sauce.', 'Tokyo', '2025-08-12 18:30:00', 15, 17.5, '2025-07-07');
INSERT INTO meal (id, title, description, location, "when", max_reservations, price, created_date) VALUES (3, 'Burger', 'Grilled beef patty in a bun with lettuce, tomato, and sauces.', 'Chicago', '2025-08-14 20:00:00', 25, 10.0, '2025-07-07');
INSERT INTO meal (id, title, description, location, "when", max_reservations, price, created_date) VALUES (4, 'Tacos', 'Mexican tortillas filled with seasoned meat, cheese, and salsa.', 'Mexico City', '2025-08-16 18:00:00', 20, 9.0, '2025-07-07');
INSERT INTO meal (id, title, description, location, "when", max_reservations, price, created_date) VALUES (5, 'Pasta', 'Italian noodles served with tomato or cream sauce.', 'Rome', '2025-08-11 19:30:00', 18, 13.5, '2025-07-07');
INSERT INTO meal (id, title, description, location, "when", max_reservations, price, created_date) VALUES (6, 'Ramen', 'Japanese noodle soup with broth, meat, and toppings.', 'Osaka', '2025-08-15 19:00:00', 20, 14.0, '2025-07-07');
INSERT INTO meal (id, title, description, location, "when", max_reservations, price, created_date) VALUES (7, 'Steak', 'Grilled beef steak served with vegetables or fries.', 'Dallas', '2025-08-18 20:00:00', 10, 22.0, '2025-07-07');
INSERT INTO meal (id, title, description, location, "when", max_reservations, price, created_date) VALUES (8, 'Kebab', 'Grilled meat skewers served with rice or bread.', 'Istanbul', '2025-08-19 19:00:00', 30, 11.5, '2025-07-07');
INSERT INTO meal (id, title, description, location, "when", max_reservations, price, created_date) VALUES (9, 'Curry', 'Spicy Indian stew with meat or vegetables and rice.', 'Mumbai', '2025-08-13 18:30:00', 25, 10.0, '2025-07-07');
INSERT INTO meal (id, title, description, location, "when", max_reservations, price, created_date) VALUES (10, 'Falafel', 'Crispy chickpea balls served in pita with sauces.', 'Cairo', '2025-08-17 17:00:00', 20, 8.5, '2025-07-07');
INSERT INTO meal (id, title, description, location, "when", max_reservations, price, created_date) VALUES (11, 'Paella', 'Spanish rice dish with seafood and saffron.', 'Barcelona', '2025-08-20 19:30:00', 15, 16.0, '2025-07-07');
INSERT INTO meal (id, title, description, location, "when", max_reservations, price, created_date) VALUES (12, 'Biryani', 'Fragrant rice with spices, meat or vegetables.', 'Hyderabad', '2025-08-21 20:00:00', 18, 12.0, '2025-07-07');
INSERT INTO meal (id, title, description, location, "when", max_reservations, price, created_date) VALUES (13, 'Shawarma', 'Middle Eastern wrap with spiced grilled meat.', 'Dubai', '2025-08-22 19:00:00', 22, 9.5, '2025-07-07');
INSERT INTO meal (id, title, description, location, "when", max_reservations, price, created_date) VALUES (14, 'Pho', 'Vietnamese soup with rice noodles, herbs, and beef.', 'Hanoi', '2025-08-23 18:00:00', 20, 11.0, '2025-07-07');
INSERT INTO meal (id, title, description, location, "when", max_reservations, price, created_date) VALUES (15, 'Dumplings', 'Filled dough pockets steamed or fried.', 'Shanghai', '2025-08-24 19:00:00', 25, 10.5, '2025-07-07');
INSERT INTO meal (id, title, description, location, "when", max_reservations, price, created_date) VALUES (16, 'Goulash', 'Hungarian stew made of meat and paprika.', 'Budapest', '2025-08-25 20:00:00', 15, 13.0, '2025-07-07');
INSERT INTO meal (id, title, description, location, "when", max_reservations, price, created_date) VALUES (17, 'Chowmein', 'Stir-fried noodles with vegetables and sauce.', 'Beijing', '2025-08-26 18:30:00', 30, 9.0, '2025-07-07');
INSERT INTO meal (id, title, description, location, "when", max_reservations, price, created_date) VALUES (18, 'Poutine', 'Canadian fries topped with cheese curds and gravy.', 'Montreal', '2025-08-27 19:30:00', 20, 8.0, '2025-07-07');
INSERT INTO meal (id, title, description, location, "when", max_reservations, price, created_date) VALUES (19, 'Hotdog', 'Sausage in a bun with mustard or ketchup.', 'Berlin', '2025-08-28 17:30:00', 35, 6.0, '2025-07-07');
INSERT INTO meal (id, title, description, location, "when", max_reservations, price, created_date) VALUES (20, 'Quesadilla', 'Grilled tortilla with melted cheese and fillings.', 'Los Angeles', '2025-08-29 19:00:00', 20, 9.0, '2025-07-07');
INSERT INTO meal (id, title, description, location, "when", max_reservations, price, created_date) VALUES (21, 'Crepes', 'Thin French pancakes with sweet or savory filling.', 'Paris', '2025-08-30 20:00:00', 18, 7.5, '2025-07-07');
INSERT INTO meal (id, title, description, location, "when", max_reservations, price, created_date) VALUES (22, 'Risotto', 'Creamy Italian rice cooked with broth and cheese.', 'Venice', '2025-08-31 18:00:00', 14, 14.0, '2025-07-07');
INSERT INTO meal (id, title, description, location, "when", max_reservations, price, created_date) VALUES (23, 'Lasagna', 'Layered pasta with meat, sauce, and cheese.', 'Florence', '2025-09-01 20:30:00', 16, 13.0, '2025-07-07');
INSERT INTO meal (id, title, description, location, "when", max_reservations, price, created_date) VALUES (24, 'Tempura', 'Japanese fried seafood or vegetables.', 'Kyoto', '2025-09-02 18:30:00', 15, 12.0, '2025-07-07');
INSERT INTO meal (id, title, description, location, "when", max_reservations, price, created_date) VALUES (25, 'Ceviche', 'Raw seafood cured in citrus, popular in Latin America.', 'Lima', '2025-09-03 17:00:00', 20, 11.0, '2025-07-07');
INSERT INTO meal (id, title, description, location, "when", max_reservations, price, created_date) VALUES (26, 'Schnitzel', 'Breaded and fried meat cutlet.', 'Vienna', '2025-09-04 19:00:00', 20, 13.0, '2025-07-07');
INSERT INTO meal (id, title, description, location, "when", max_reservations, price, created_date) VALUES (27, 'Gyoza', 'Japanese pan-fried dumplings with meat filling.', 'Fukuoka', '2025-09-05 19:30:00', 22, 10.0, '2025-07-07');
INSERT INTO meal (id, title, description, location, "when", max_reservations, price, created_date) VALUES (28, 'Bibimbap', 'Korean rice bowl with vegetables, egg, and meat.', 'Seoul', '2025-09-06 20:00:00', 15, 12.5, '2025-07-07');
INSERT INTO meal (id, title, description, location, "when", max_reservations, price, created_date) VALUES (29, 'Moussaka', 'Greek casserole with eggplant, meat, and béchamel.', 'Athens', '2025-09-07 19:00:00', 12, 14.5, '2025-07-07');
INSERT INTO meal (id, title, description, location, "when", max_reservations, price, created_date) VALUES (30, 'Tagine', 'North African stew with meat and spices, cooked in clay pot.', 'Marrakesh', '2025-09-08 20:00:00', 18, 13.0, '2025-07-07');



INSERT INTO reservation (id, number_of_guests, meal_id, created_date, contact_phonenumber, contact_name, contact_email) VALUES (1, 20, 1, '2025-07-07', '11234567890', 'Alice Morgan', 'alice@example.com');
INSERT INTO reservation (id, number_of_guests, meal_id, created_date, contact_phonenumber, contact_name, contact_email) VALUES (2, 25, 3, '2025-07-07', '12223334444', 'Tom Lee', 'tom.lee@example.com');
INSERT INTO reservation (id, number_of_guests, meal_id, created_date, contact_phonenumber, contact_name, contact_email) VALUES (3, 20, 6, '2025-07-07', '13334445555', 'Sara Kim', 'sarakim@example.com');
INSERT INTO reservation (id, number_of_guests, meal_id, created_date, contact_phonenumber, contact_name, contact_email) VALUES (4, 25, 9, '2025-07-07', '14445556666', 'Raj Patel', 'rajp@example.com');
INSERT INTO reservation (id, number_of_guests, meal_id, created_date, contact_phonenumber, contact_name, contact_email) VALUES (5, 18, 12, '2025-07-07', '15556667777', 'Ayesha Khan', 'ayesha@example.com');
INSERT INTO reservation (id, number_of_guests, meal_id, created_date, contact_phonenumber, contact_name, contact_email) VALUES (6, 20, 14, '2025-07-07', '16667778888', 'David Chen', 'davidc@example.com');
INSERT INTO reservation (id, number_of_guests, meal_id, created_date, contact_phonenumber, contact_name, contact_email) VALUES (7, 35, 18, '2025-07-07', '17778889999', 'Emily Hart', 'emilyh@example.com');
INSERT INTO reservation (id, number_of_guests, meal_id, created_date, contact_phonenumber, contact_name, contact_email) VALUES (8, 10, 2, '2025-07-07', '12223330000', 'Michael Zhang', 'mikez@example.com');
INSERT INTO reservation (id, number_of_guests, meal_id, created_date, contact_phonenumber, contact_name, contact_email) VALUES (9, 12, 4, '2025-07-07', '19998887777', 'Linda Gomez', 'lindag@example.com');
INSERT INTO reservation (id, number_of_guests, meal_id, created_date, contact_phonenumber, contact_name, contact_email) VALUES (10, 9, 5, '2025-07-07', '14447775555', 'Ken Adams', 'kena@example.com');
INSERT INTO reservation (id, number_of_guests, meal_id, created_date, contact_phonenumber, contact_name, contact_email) VALUES (11, 15, 7, '2025-07-07', '12223331111', 'Nicole Brown', 'nicoleb@example.com');
INSERT INTO reservation (id, number_of_guests, meal_id, created_date, contact_phonenumber, contact_name, contact_email) VALUES (12, 8, 8, '2025-07-07', '15559991122', 'Mohammed Ali', 'mali@example.com');
INSERT INTO reservation (id, number_of_guests, meal_id, created_date, contact_phonenumber, contact_name, contact_email) VALUES (13, 13, 10, '2025-07-07', '14449998888', 'Sophia Lim', 'sophial@example.com');
INSERT INTO reservation (id, number_of_guests, meal_id, created_date, contact_phonenumber, contact_name, contact_email) VALUES (14, 10, 11, '2025-07-07', '13337778888', 'Kevin Tran', 'kevint@example.com');
INSERT INTO reservation (id, number_of_guests, meal_id, created_date, contact_phonenumber, contact_name, contact_email) VALUES (15, 10, 13, '2025-07-07', '19991112233', 'Fatima Zahra', 'fzahra@example.com');
INSERT INTO reservation (id, number_of_guests, meal_id, created_date, contact_phonenumber, contact_name, contact_email) VALUES (16, 12, 15, '2025-07-07', '18882224444', 'Leo Carter', 'leoc@example.com');
INSERT INTO reservation (id, number_of_guests, meal_id, created_date, contact_phonenumber, contact_name, contact_email) VALUES (17, 16, 16, '2025-07-07', '17773334444', 'Isabelle Park', 'isapark@example.com');
INSERT INTO reservation (id, number_of_guests, meal_id, created_date, contact_phonenumber, contact_name, contact_email) VALUES (18, 20, 17, '2025-07-07', '16664442211', 'Chris Young', 'chrisy@example.com');
INSERT INTO reservation (id, number_of_guests, meal_id, created_date, contact_phonenumber, contact_name, contact_email) VALUES (19, 15, 19, '2025-07-07', '15556664444', 'Naomi Brooks', 'naomi@example.com');
INSERT INTO reservation (id, number_of_guests, meal_id, created_date, contact_phonenumber, contact_name, contact_email) VALUES (20, 12, 20, '2025-07-07', '13335556666', 'Jason Moon', 'jmoon@example.com');
INSERT INTO reservation (id, number_of_guests, meal_id, created_date, contact_phonenumber, contact_name, contact_email) VALUES (21, 11, 22, '2025-07-07', '18880001111', 'Elena Rossi', 'elena@example.com');
INSERT INTO reservation (id, number_of_guests, meal_id, created_date, contact_phonenumber, contact_name, contact_email) VALUES (22, 10, 23, '2025-07-07', '19993334444', 'Victor Hugo', 'victorh@example.com');
INSERT INTO reservation (id, number_of_guests, meal_id, created_date, contact_phonenumber, contact_name, contact_email) VALUES (23, 14, 24, '2025-07-07', '12224445555', 'Hailey Song', 'haileys@example.com');
INSERT INTO reservation (id, number_of_guests, meal_id, created_date, contact_phonenumber, contact_name, contact_email) VALUES (24, 1, 20, '2025-07-10', '81716766', 'monireh zargarnejad', 'zargarnejad@gmail.com');


INSERT INTO review (id, title, description, meal_id, stars, created_date) VALUES (1, 'Delicious!', 'Absolutely delicious and well cooked!', 1, 5, '2025-07-07');
INSERT INTO review (id, title, description, meal_id, stars, created_date) VALUES (2, 'Tasty Dish', 'A classic dish done right. Loved it!', 1, 4, '2025-07-07');
INSERT INTO review (id, title, description, meal_id, stars, created_date) VALUES (3, 'Homey Taste', 'Tasted just like back home. Fantastic!', 2, 5, '2025-07-07');
INSERT INTO review (id, title, description, meal_id, stars, created_date) VALUES (4, 'Spicy One', 'Too spicy for me, but others liked it.', 3, 3, '2025-07-07');
INSERT INTO review (id, title, description, meal_id, stars, created_date) VALUES (5, 'Good Size', 'Good flavor and portion size.', 3, 4, '2025-07-07');
INSERT INTO review (id, title, description, meal_id, stars, created_date) VALUES (6, 'Fresh Meal', 'Fresh and flavorful!', 4, 5, '2025-07-07');
INSERT INTO review (id, title, description, meal_id, stars, created_date) VALUES (7, 'Greasy but Good', 'A bit greasy but tasty overall.', 5, 3, '2025-07-07');
INSERT INTO review (id, title, description, meal_id, stars, created_date) VALUES (8, 'Perfect Texture', 'Perfect texture, perfect taste.', 6, 5, '2025-07-07');
INSERT INTO review (id, title, description, meal_id, stars, created_date) VALUES (9, 'Authentic Feel', 'Authentic and comforting.', 7, 4, '2025-07-07');
INSERT INTO review (id, title, description, meal_id, stars, created_date) VALUES (10, 'Amazing Dish', 'One of the best I’ve ever had.', 8, 5, '2025-07-07');
INSERT INTO review (id, title, description, meal_id, stars, created_date) VALUES (11, 'Rich Meal', 'Very filling and rich in taste.', 8, 4, '2025-07-07');
INSERT INTO review (id, title, description, meal_id, stars, created_date) VALUES (12, 'Nice Look', 'Not my favorite, but nicely presented.', 9, 3, '2025-07-07');
INSERT INTO review (id, title, description, meal_id, stars, created_date) VALUES (13, 'Loved It', 'Loved every bite!', 10, 5, '2025-07-07');
INSERT INTO review (id, title, description, meal_id, stars, created_date) VALUES (14, 'Just Okay', 'Just okay. Could be better.', 10, 3, '2025-07-07');
INSERT INTO review (id, title, description, meal_id, stars, created_date) VALUES (15, 'Great for Winter', 'Perfect for a cold day.', 11, 5, '2025-07-07');
INSERT INTO review (id, title, description, meal_id, stars, created_date) VALUES (16, 'Too Salty', 'Too salty for my taste.', 12, 2, '2025-07-07');
INSERT INTO review (id, title, description, meal_id, stars, created_date) VALUES (17, 'Savory Meal', 'Savory and filling. Highly recommend.', 13, 4, '2025-07-07');
INSERT INTO review (id, title, description, meal_id, stars, created_date) VALUES (18, 'Nice Spice', 'Nicely spiced and well cooked.', 14, 4, '2025-07-07');
INSERT INTO review (id, title, description, meal_id, stars, created_date) VALUES (19, 'Great Sauce', 'The sauce was amazing!', 15, 5, '2025-07-07');
INSERT INTO review (id, title, description, meal_id, stars, created_date) VALUES (20, 'Needs Seasoning', 'Bit bland, needs more seasoning.', 15, 3, '2025-07-07');
INSERT INTO review (id, title, description, meal_id, stars, created_date) VALUES (21, 'Homemade Feel', 'Tasted fresh and homemade.', 16, 5, '2025-07-07');
INSERT INTO review (id, title, description, meal_id, stars, created_date) VALUES (22, 'Flavor Bomb', 'An explosion of flavor!', 17, 5, '2025-07-07');
INSERT INTO review (id, title, description, meal_id, stars, created_date) VALUES (23, 'Hearty Meal', 'Comforting and hearty.', 18, 4, '2025-07-07');
INSERT INTO review (id, title, description, meal_id, stars, created_date) VALUES (24, 'Nice Texture', 'Great texture and color.', 18, 4, '2025-07-07');
INSERT INTO review (id, title, description, meal_id, stars, created_date) VALUES (25, 'Tasty Bargain', 'Good value and great taste.', 19, 4, '2025-07-07');
INSERT INTO review (id, title, description, meal_id, stars, created_date) VALUES (26, 'Not for Me', 'Didn’t enjoy it much.', 20, 2, '2025-07-07');
INSERT INTO review (id, title, description, meal_id, stars, created_date) VALUES (27, 'Crispy Delight', 'Crispy and flavorful. Loved it!', 21, 5, '2025-07-07');
INSERT INTO review (id, title, description, meal_id, stars, created_date) VALUES (28, 'Creamy & Mild', 'Mild and creamy—delicious!', 22, 4, '2025-07-07');
INSERT INTO review (id, title, description, meal_id, stars, created_date) VALUES (29, 'Too Sweet', 'A bit too sweet for me.', 23, 3, '2025-07-07');
INSERT INTO review (id, title, description, meal_id, stars, created_date) VALUES (30, 'Balanced Flavors', 'Great spice balance and presentation.', 24, 5, '2025-07-07');
INSERT INTO review (id, title, description, meal_id, stars, created_date) VALUES (31, 'Too Dry', 'Too dry, needs more sauce.', 24, 2, '2025-07-07');
INSERT INTO review (id, title, description, meal_id, stars, created_date) VALUES (32, 'Memory Lane', 'The taste brought back memories.', 25, 4, '2025-07-07');
INSERT INTO review (id, title, description, meal_id, stars, created_date) VALUES (33, 'yummy dish ', 'the foods quality was great.', 9, 5, '2025-07-10');